{
  "project_info": {
    "project_number": "248732398119",
    "firebase_url": "https://damatching.firebaseio.com",
    "project_id": "damatching",
    "storage_bucket": "damatching.appspot.com"
  },
  "client": [
    {
      "client_info": {
        "mobilesdk_app_id": "1:248732398119:android:9e758edfe14aed1a3d1402",
        "android_client_info": {
          "package_name": "org.matching.myapplication"
        }
      },
      "oauth_client": [
        {
          "client_id": "248732398119-qokm4o5q760qmvdbt1f45rim7ggd3d0g.apps.googleusercontent.com",
          "client_type": 1,
          "android_info": {
            "package_name": "org.matching.myapplication",
            "certificate_hash": "593d4a73832c5a88302d03dd31c0b991373c66a4"
          }
        },
        {
          "client_id": "248732398119-rhnqsaoo4ga0hhlcmjbm0g0avpv77ifu.apps.googleusercontent.com",
          "client_type": 3
        }
      ],
      "api_key": [
        {
          "current_key": "AIzaSyBBQ1Rkxznn8UCrnil9OHRJ3Te1Fmy68kQ"
        }
      ],
      "services": {
        "appinvite_service": {
          "other_platform_oauth_client": [
            {
              "client_id": "248732398119-rhnqsaoo4ga0hhlcmjbm0g0avpv77ifu.apps.googleusercontent.com",
              "client_type": 3
            }
          ]
        }
      }
    }
  ],
  "configuration_version": "1"
}